,A bit,A lot,A smidgen,Considerable amount,Extreme amount,Fair amount,Good amount,High amount,Huge amount,Humongous amount,Large,Little,Low amount,Maximum amount,Medium,Moderate amount,Modest amount,None to very little,Quite a bit,Sizeable,Small,Some,Some to moderate,Somewhat small,Substantial amount,Teeny-weeny,Tiny,Very high amount,Very large,Very little,Very sizeable,Very small,
0,0.646018,0.149425,0.0517241,0.558824,0.717949,0.419048,0.8,0.975,0.0825688,0.0569106,0.823009,0.0818182,0.179245,0.230769,0.798246,0.115702,0.0666667,0.14433,0.0819672,0.866667,0.12381,0.105691,0.691489,0.135922,0.144,0.114035,0.647059,0.0142857,0.273585,0.847619,0.0483871,0.106796,
0.05,0.654867,0.16092,0.0517241,0.573529,0.726496,0.419048,0.858824,0.991667,0.0825688,0.0569106,0.849558,0.0818182,0.179245,0.230769,0.807018,0.115702,0.0666667,0.14433,0.0819672,0.9,0.12381,0.113821,0.712766,0.135922,0.144,0.114035,0.672269,0.0142857,0.273585,0.885714,0.0483871,0.106796,
0.1,0.663717,0.16092,0.0517241,0.588235,0.735043,0.419048,0.952941,1,0.0825688,0.0650406,0.920354,0.0818182,0.179245,0.241758,0.912281,0.115702,0.0666667,0.14433,0.0819672,0.977778,0.12381,0.113821,0.723404,0.135922,0.144,0.114035,0.697479,0.0214286,0.283019,0.971429,0.0483871,0.106796,
0.15,0.672566,0.172414,0.0517241,0.573529,0.726496,0.438095,1,0.966667,0.0733945,0.0650406,0.99115,0.0909091,0.179245,0.241758,0.903509,0.115702,0.0666667,0.14433,0.0901639,1,0.12381,0.121951,0.723404,0.135922,0.152,0.114035,0.714286,0.0214286,0.320755,1,0.0483871,0.116505,
0.2,0.663717,0.172414,0.0517241,0.617647,0.769231,0.457143,0.988235,0.925,0.0733945,0.0650406,1,0.1,0.179245,0.241758,0.973684,0.115702,0.0666667,0.14433,0.0819672,0.988889,0.12381,0.121951,0.723404,0.135922,0.152,0.114035,0.739496,0.0214286,0.320755,0.971429,0.0564516,0.116505,
0.25,0.672566,0.172414,0.0517241,0.632353,0.777778,0.466667,0.952941,0.866667,0.0733945,0.0813008,0.955752,0.1,0.179245,0.241758,0.982456,0.115702,0.0666667,0.14433,0.0819672,0.944444,0.12381,0.121951,0.691489,0.126214,0.152,0.114035,0.764706,0.0214286,0.339623,0.990476,0.0564516,0.116505,
0.3,0.716814,0.172414,0.0517241,0.647059,0.803419,0.485714,0.917647,0.833333,0.0825688,0.0813008,0.929204,0.1,0.179245,0.241758,1,0.115702,0.0733333,0.14433,0.0901639,0.944444,0.12381,0.121951,0.744681,0.126214,0.152,0.114035,0.773109,0.0214286,0.339623,0.990476,0.0564516,0.116505,
0.35,0.752212,0.172414,0.0517241,0.647059,0.803419,0.495238,0.929412,0.791667,0.0825688,0.0813008,0.929204,0.1,0.179245,0.241758,0.991228,0.115702,0.0733333,0.154639,0.0901639,0.877778,0.12381,0.121951,0.755319,0.126214,0.152,0.114035,0.764706,0.0214286,0.358491,0.980952,0.0564516,0.116505,
0.4,0.761062,0.172414,0.0517241,0.661765,0.811966,0.495238,0.894118,0.766667,0.0825688,0.0894309,0.955752,0.1,0.179245,0.241758,0.964912,0.123967,0.0733333,0.154639,0.0901639,0.844444,0.12381,0.121951,0.787234,0.126214,0.16,0.114035,0.789916,0.0214286,0.358491,0.971429,0.0645161,0.116505,
0.45,0.761062,0.172414,0.0517241,0.632353,0.82906,0.495238,0.941176,0.733333,0.0825688,0.0894309,0.955752,0.1,0.179245,0.241758,0.938596,0.123967,0.0733333,0.154639,0.0901639,0.855556,0.133333,0.121951,0.829787,0.126214,0.16,0.114035,0.789916,0.0214286,0.339623,0.942857,0.0645161,0.116505,
0.5,0.814159,0.172414,0.0517241,0.632353,0.837607,0.533333,0.964706,0.658333,0.0825688,0.0894309,0.911504,0.1,0.179245,0.252747,0.982456,0.123967,0.0733333,0.154639,0.0983607,0.8,0.133333,0.121951,0.87234,0.135922,0.16,0.114035,0.798319,0.0285714,0.339623,0.933333,0.0645161,0.116505,
0.55,0.849558,0.172414,0.0517241,0.647059,0.854701,0.533333,0.941176,0.591667,0.0825688,0.0894309,0.884956,0.1,0.179245,0.296703,1,0.123967,0.0733333,0.154639,0.0983607,0.733333,0.133333,0.130081,0.861702,0.135922,0.16,0.122807,0.806723,0.0285714,0.339623,0.904762,0.0645161,0.116505,
0.6,0.884956,0.183908,0.0517241,0.691176,0.863248,0.542857,0.929412,0.558333,0.0825688,0.0894309,0.849558,0.1,0.179245,0.296703,0.973684,0.123967,0.0733333,0.154639,0.0983607,0.666667,0.142857,0.130081,0.914894,0.135922,0.16,0.122807,0.831933,0.0285714,0.358491,0.838095,0.0645161,0.126214,
0.65,0.876106,0.195402,0.0517241,0.691176,0.863248,0.561905,0.929412,0.558333,0.0825688,0.097561,0.858407,0.109091,0.179245,0.307692,0.929825,0.123967,0.0733333,0.154639,0.0983607,0.633333,0.142857,0.130081,0.914894,0.145631,0.168,0.122807,0.865546,0.0357143,0.367925,0.838095,0.0725806,0.126214,
0.7,0.876106,0.195402,0.0603448,0.676471,0.863248,0.609524,0.905882,0.558333,0.0825688,0.097561,0.840708,0.109091,0.188679,0.307692,0.912281,0.123967,0.0733333,0.154639,0.0983607,0.611111,0.142857,0.138211,0.93617,0.145631,0.168,0.122807,0.87395,0.0357143,0.386792,0.838095,0.0725806,0.126214,
0.75,0.902655,0.195402,0.0775862,0.676471,0.871795,0.628571,0.894118,0.541667,0.0825688,0.097561,0.831858,0.118182,0.198113,0.32967,0.877193,0.123967,0.0733333,0.154639,0.0983607,0.611111,0.142857,0.138211,0.93617,0.145631,0.168,0.122807,0.890756,0.0357143,0.386792,0.828571,0.0725806,0.126214,
0.8,0.902655,0.195402,0.0775862,0.705882,0.871795,0.619048,0.858824,0.525,0.0825688,0.097561,0.823009,0.118182,0.198113,0.32967,0.877193,0.123967,0.0733333,0.154639,0.0983607,0.577778,0.142857,0.138211,0.968085,0.15534,0.168,0.122807,0.915966,0.0357143,0.396226,0.819048,0.0725806,0.126214,
0.85,0.911504,0.195402,0.0775862,0.705882,0.897436,0.619048,0.835294,0.525,0.0917431,0.097561,0.761062,0.118182,0.198113,0.340659,0.859649,0.123967,0.0733333,0.154639,0.0983607,0.588889,0.142857,0.138211,0.968085,0.15534,0.176,0.122807,0.92437,0.0357143,0.396226,0.790476,0.0725806,0.126214,
0.9,0.884956,0.195402,0.0775862,0.691176,0.897436,0.609524,0.776471,0.508333,0.0917431,0.097561,0.716814,0.118182,0.198113,0.340659,0.824561,0.123967,0.0733333,0.154639,0.0983607,0.566667,0.142857,0.146341,0.957447,0.15534,0.176,0.122807,0.92437,0.0357143,0.40566,0.771429,0.0725806,0.126214,
0.95,0.884956,0.206897,0.0775862,0.705882,0.91453,0.609524,0.764706,0.516667,0.0917431,0.097561,0.699115,0.118182,0.198113,0.351648,0.807018,0.123967,0.0733333,0.154639,0.0983607,0.544444,0.142857,0.146341,0.968085,0.165049,0.184,0.122807,0.932773,0.0357143,0.415094,0.733333,0.0725806,0.126214,
1,0.867257,0.218391,0.0775862,0.691176,0.923077,0.704762,0.788235,0.475,0.100917,0.0894309,0.628319,0.118182,0.207547,0.362637,0.77193,0.140496,0.0733333,0.154639,0.0983607,0.533333,0.152381,0.154472,1,0.184466,0.208,0.122807,0.94958,0.0357143,0.481132,0.695238,0.0725806,0.135922,
1.05,0.893805,0.241379,0.0862069,0.691176,0.965812,0.828571,0.670588,0.4,0.100917,0.0894309,0.584071,0.127273,0.216981,0.417582,0.701754,0.14876,0.0733333,0.14433,0.0983607,0.533333,0.180952,0.154472,0.978723,0.213592,0.248,0.140351,0.966387,0.0357143,0.556604,0.590476,0.0725806,0.15534,
1.1,0.938053,0.241379,0.0862069,0.691176,0.982906,0.857143,0.682353,0.391667,0.100917,0.0894309,0.584071,0.127273,0.216981,0.428571,0.684211,0.14876,0.0733333,0.14433,0.106557,0.5,0.180952,0.154472,0.957447,0.213592,0.256,0.140351,0.957983,0.0357143,0.575472,0.580952,0.0725806,0.15534,
1.15,0.955752,0.241379,0.0862069,0.676471,1,0.857143,0.682353,0.383333,0.100917,0.0894309,0.566372,0.127273,0.216981,0.43956,0.684211,0.157025,0.0733333,0.14433,0.106557,0.488889,0.180952,0.154472,0.968085,0.203883,0.256,0.140351,0.957983,0.0357143,0.575472,0.590476,0.0725806,0.15534,
1.2,0.964602,0.241379,0.0862069,0.676471,0.991453,0.847619,0.658824,0.366667,0.100917,0.0894309,0.557522,0.127273,0.216981,0.450549,0.675439,0.157025,0.0733333,0.14433,0.106557,0.5,0.180952,0.154472,0.957447,0.203883,0.256,0.140351,0.957983,0.0357143,0.584906,0.590476,0.0725806,0.15534,
1.25,0.964602,0.241379,0.0862069,0.676471,1,0.866667,0.635294,0.358333,0.100917,0.0894309,0.548673,0.127273,0.216981,0.461538,0.649123,0.157025,0.0733333,0.154639,0.106557,0.5,0.180952,0.154472,0.957447,0.203883,0.256,0.149123,0.966387,0.0357143,0.584906,0.590476,0.0725806,0.15534,
1.3,0.955752,0.241379,0.0862069,0.691176,0.991453,0.87619,0.635294,0.35,0.100917,0.0894309,0.539823,0.127273,0.226415,0.483516,0.640351,0.157025,0.0733333,0.154639,0.106557,0.477778,0.190476,0.154472,0.957447,0.203883,0.256,0.149123,0.966387,0.0428571,0.584906,0.571429,0.0725806,0.15534,
1.35,0.955752,0.241379,0.0862069,0.691176,0.991453,0.866667,0.647059,0.341667,0.110092,0.0894309,0.539823,0.127273,0.226415,0.494505,0.631579,0.157025,0.0733333,0.154639,0.106557,0.477778,0.190476,0.162602,0.957447,0.203883,0.264,0.149123,0.966387,0.0428571,0.603774,0.552381,0.0725806,0.15534,
1.4,0.982301,0.252874,0.0862069,0.705882,0.991453,0.895238,0.647059,0.341667,0.110092,0.0894309,0.522124,0.127273,0.226415,0.494505,0.605263,0.157025,0.08,0.154639,0.106557,0.444444,0.190476,0.178862,0.957447,0.203883,0.272,0.149123,0.97479,0.0428571,0.613208,0.542857,0.0725806,0.15534,
1.45,0.99115,0.264368,0.0862069,0.691176,0.982906,0.92381,0.658824,0.341667,0.110092,0.0894309,0.522124,0.127273,0.226415,0.505495,0.596491,0.157025,0.0866667,0.154639,0.106557,0.422222,0.190476,0.178862,0.914894,0.203883,0.272,0.149123,0.97479,0.0428571,0.622642,0.542857,0.0725806,0.15534,
1.5,0.99115,0.287356,0.0862069,0.705882,0.982906,0.933333,0.658824,0.325,0.110092,0.0894309,0.513274,0.127273,0.235849,0.494505,0.54386,0.157025,0.0866667,0.154639,0.106557,0.422222,0.190476,0.178862,0.904255,0.213592,0.28,0.149123,0.991597,0.0428571,0.622642,0.533333,0.0725806,0.15534,
1.55,0.99115,0.287356,0.0775862,0.705882,0.982906,0.933333,0.576471,0.308333,0.110092,0.097561,0.486726,0.136364,0.245283,0.494505,0.526316,0.157025,0.0866667,0.154639,0.106557,0.388889,0.190476,0.178862,0.904255,0.223301,0.288,0.149123,0.97479,0.0428571,0.622642,0.495238,0.0725806,0.15534,
1.6,0.982301,0.298851,0.0775862,0.705882,0.974359,0.933333,0.552941,0.291667,0.110092,0.097561,0.477876,0.136364,0.245283,0.527473,0.535088,0.157025,0.0866667,0.154639,0.106557,0.366667,0.190476,0.186992,0.861702,0.223301,0.288,0.149123,0.966387,0.0428571,0.641509,0.485714,0.0725806,0.15534,
1.65,0.99115,0.298851,0.0775862,0.720588,0.982906,0.961905,0.541176,0.283333,0.110092,0.097561,0.460177,0.136364,0.245283,0.538462,0.5,0.157025,0.0866667,0.154639,0.106557,0.366667,0.190476,0.178862,0.861702,0.223301,0.296,0.149123,0.97479,0.0428571,0.650943,0.485714,0.0725806,0.15534,
1.7,1,0.298851,0.0775862,0.720588,0.974359,0.980952,0.529412,0.283333,0.110092,0.097561,0.433628,0.145455,0.245283,0.538462,0.5,0.157025,0.0866667,0.154639,0.106557,0.366667,0.190476,0.178862,0.861702,0.223301,0.304,0.157895,0.983193,0.0428571,0.660377,0.47619,0.0725806,0.15534,
1.75,0.99115,0.333333,0.0775862,0.720588,0.957265,1,0.517647,0.283333,0.110092,0.097561,0.415929,0.145455,0.254717,0.538462,0.482456,0.157025,0.0866667,0.154639,0.106557,0.355556,0.190476,0.170732,0.840426,0.23301,0.304,0.157895,0.983193,0.0428571,0.660377,0.47619,0.0725806,0.15534,
1.8,0.982301,0.333333,0.0775862,0.720588,0.948718,0.990476,0.517647,0.283333,0.110092,0.097561,0.415929,0.145455,0.254717,0.538462,0.482456,0.165289,0.0866667,0.164948,0.114754,0.355556,0.190476,0.170732,0.819149,0.23301,0.312,0.157895,0.983193,0.0428571,0.660377,0.466667,0.0725806,0.15534,
1.85,0.982301,0.333333,0.0775862,0.720588,0.957265,0.990476,0.529412,0.283333,0.110092,0.097561,0.415929,0.145455,0.254717,0.56044,0.482456,0.173554,0.0866667,0.164948,0.114754,0.344444,0.190476,0.170732,0.819149,0.23301,0.328,0.157895,0.991597,0.0428571,0.650943,0.457143,0.0725806,0.15534,
1.9,0.973451,0.333333,0.0775862,0.705882,0.965812,0.990476,0.505882,0.283333,0.110092,0.097561,0.415929,0.145455,0.254717,0.571429,0.482456,0.173554,0.0866667,0.164948,0.114754,0.333333,0.190476,0.170732,0.829787,0.23301,0.336,0.157895,1,0.0428571,0.660377,0.447619,0.0725806,0.15534,
1.95,0.973451,0.344828,0.0775862,0.720588,0.957265,1,0.505882,0.275,0.110092,0.105691,0.389381,0.145455,0.254717,0.571429,0.464912,0.181818,0.0866667,0.164948,0.114754,0.333333,0.190476,0.170732,0.819149,0.23301,0.344,0.157895,0.983193,0.0428571,0.669811,0.447619,0.0725806,0.165049,
2,0.982301,0.356322,0.0775862,0.735294,0.923077,1,0.505882,0.275,0.110092,0.105691,0.371681,0.154545,0.264151,0.549451,0.45614,0.181818,0.1,0.164948,0.114754,0.333333,0.190476,0.170732,0.797872,0.23301,0.368,0.157895,0.957983,0.0428571,0.698113,0.4,0.0725806,0.165049,
2.05,0.876106,0.367816,0.0775862,0.735294,0.794872,0.961905,0.447059,0.266667,0.119266,0.113821,0.336283,0.154545,0.320755,0.604396,0.385965,0.22314,0.1,0.175258,0.114754,0.344444,0.209524,0.170732,0.734043,0.242718,0.464,0.157895,0.857143,0.0428571,0.783019,0.380952,0.0806452,0.194175,
2.1,0.80531,0.37931,0.0775862,0.779412,0.735043,0.942857,0.447059,0.258333,0.110092,0.113821,0.318584,0.154545,0.330189,0.626374,0.342105,0.214876,0.1,0.175258,0.114754,0.322222,0.228571,0.170732,0.670213,0.242718,0.488,0.157895,0.815126,0.0357143,0.801887,0.361905,0.0806452,0.194175,
2.15,0.787611,0.37931,0.0775862,0.779412,0.735043,0.952381,0.447059,0.258333,0.119266,0.113821,0.309735,0.154545,0.330189,0.626374,0.333333,0.214876,0.1,0.175258,0.114754,0.3,0.228571,0.170732,0.638298,0.262136,0.504,0.157895,0.806723,0.0357143,0.811321,0.352381,0.0806452,0.194175,
2.2,0.787611,0.37931,0.0775862,0.764706,0.717949,0.952381,0.447059,0.266667,0.119266,0.113821,0.309735,0.154545,0.330189,0.637363,0.324561,0.214876,0.1,0.175258,0.114754,0.3,0.238095,0.170732,0.62766,0.262136,0.512,0.157895,0.806723,0.0357143,0.830189,0.32381,0.0806452,0.194175,
2.25,0.778761,0.37931,0.0862069,0.764706,0.709402,0.952381,0.423529,0.258333,0.119266,0.113821,0.300885,0.154545,0.330189,0.648352,0.307018,0.22314,0.1,0.185567,0.114754,0.311111,0.238095,0.170732,0.606383,0.262136,0.512,0.157895,0.806723,0.0357143,0.858491,0.314286,0.0806452,0.203883,
2.3,0.761062,0.390805,0.0862069,0.764706,0.700855,0.942857,0.4,0.258333,0.119266,0.113821,0.300885,0.154545,0.339623,0.659341,0.307018,0.22314,0.1,0.185567,0.114754,0.311111,0.238095,0.170732,0.595745,0.262136,0.52,0.157895,0.781513,0.0357143,0.858491,0.32381,0.0806452,0.203883,
2.35,0.761062,0.37931,0.0862069,0.794118,0.666667,0.952381,0.4,0.25,0.119266,0.113821,0.292035,0.154545,0.349057,0.681319,0.307018,0.22314,0.106667,0.185567,0.114754,0.311111,0.247619,0.170732,0.574468,0.262136,0.528,0.157895,0.764706,0.0357143,0.858491,0.32381,0.0806452,0.203883,
2.4,0.734513,0.37931,0.0862069,0.779412,0.649573,0.952381,0.4,0.241667,0.119266,0.113821,0.283186,0.154545,0.358491,0.681319,0.298246,0.22314,0.106667,0.195876,0.114754,0.3,0.257143,0.170732,0.56383,0.262136,0.536,0.166667,0.756303,0.0357143,0.867925,0.314286,0.0806452,0.203883,
2.45,0.725664,0.37931,0.0862069,0.764706,0.65812,0.952381,0.411765,0.233333,0.119266,0.113821,0.274336,0.154545,0.358491,0.692308,0.289474,0.231405,0.106667,0.195876,0.114754,0.288889,0.257143,0.170732,0.553191,0.281553,0.544,0.166667,0.714286,0.0357143,0.886792,0.314286,0.0806452,0.203883,
2.5,0.699115,0.390805,0.0948276,0.75,0.632479,0.933333,0.4,0.241667,0.137615,0.113821,0.256637,0.154545,0.386792,0.692308,0.280702,0.256198,0.106667,0.195876,0.114754,0.3,0.257143,0.178862,0.542553,0.281553,0.568,0.166667,0.705882,0.0357143,0.886792,0.295238,0.0806452,0.203883,
2.55,0.681416,0.390805,0.0948276,0.720588,0.623932,0.895238,0.388235,0.233333,0.137615,0.113821,0.247788,0.154545,0.40566,0.736264,0.263158,0.256198,0.113333,0.195876,0.114754,0.322222,0.257143,0.178862,0.521277,0.291262,0.568,0.166667,0.689076,0.0285714,0.90566,0.295238,0.0806452,0.213592,
2.6,0.681416,0.390805,0.0948276,0.720588,0.623932,0.87619,0.376471,0.241667,0.146789,0.113821,0.247788,0.154545,0.415094,0.78022,0.263158,0.256198,0.126667,0.195876,0.114754,0.322222,0.27619,0.178862,0.489362,0.291262,0.576,0.166667,0.638655,0.0285714,0.924528,0.285714,0.0806452,0.213592,
2.65,0.672566,0.390805,0.0948276,0.720588,0.606838,0.866667,0.376471,0.25,0.146789,0.113821,0.238938,0.154545,0.415094,0.78022,0.254386,0.264463,0.133333,0.195876,0.114754,0.3,0.27619,0.178862,0.489362,0.291262,0.6,0.166667,0.621849,0.0285714,0.924528,0.27619,0.0725806,0.213592,
2.7,0.654867,0.402299,0.0948276,0.720588,0.581197,0.857143,0.376471,0.25,0.155963,0.113821,0.230089,0.154545,0.415094,0.78022,0.254386,0.272727,0.133333,0.195876,0.114754,0.311111,0.27619,0.178862,0.5,0.291262,0.608,0.166667,0.621849,0.0285714,0.924528,0.295238,0.0725806,0.213592,
2.75,0.654867,0.413793,0.0948276,0.735294,0.581197,0.857143,0.376471,0.241667,0.155963,0.113821,0.230089,0.154545,0.424528,0.78022,0.245614,0.272727,0.14,0.195876,0.122951,0.311111,0.27619,0.178862,0.489362,0.291262,0.616,0.166667,0.605042,0.0285714,0.933962,0.295238,0.0725806,0.23301,
2.8,0.654867,0.413793,0.0948276,0.735294,0.598291,0.866667,0.376471,0.25,0.155963,0.113821,0.230089,0.154545,0.424528,0.78022,0.245614,0.289256,0.146667,0.195876,0.122951,0.3,0.285714,0.178862,0.489362,0.291262,0.616,0.175439,0.596639,0.0214286,0.943396,0.295238,0.0725806,0.242718,
2.85,0.637168,0.413793,0.0948276,0.705882,0.598291,0.857143,0.376471,0.241667,0.165138,0.113821,0.230089,0.154545,0.433962,0.78022,0.236842,0.289256,0.146667,0.195876,0.122951,0.3,0.285714,0.186992,0.489362,0.291262,0.648,0.175439,0.596639,0.0214286,0.95283,0.295238,0.0725806,0.242718,
2.9,0.628319,0.413793,0.0948276,0.691176,0.581197,0.847619,0.388235,0.241667,0.165138,0.113821,0.230089,0.154545,0.433962,0.78022,0.236842,0.289256,0.146667,0.195876,0.122951,0.288889,0.295238,0.186992,0.489362,0.291262,0.648,0.175439,0.579832,0.0214286,0.95283,0.27619,0.0725806,0.242718,
2.95,0.610619,0.413793,0.0948276,0.676471,0.581197,0.857143,0.388235,0.241667,0.165138,0.113821,0.230089,0.154545,0.443396,0.769231,0.236842,0.297521,0.153333,0.195876,0.122951,0.288889,0.295238,0.186992,0.489362,0.291262,0.656,0.175439,0.579832,0.0214286,0.95283,0.27619,0.0725806,0.242718,
3,0.59292,0.425287,0.103448,0.705882,0.581197,0.828571,0.388235,0.241667,0.165138,0.113821,0.221239,0.154545,0.45283,0.78022,0.22807,0.31405,0.2,0.216495,0.122951,0.3,0.295238,0.186992,0.446809,0.300971,0.664,0.184211,0.554622,0.0214286,0.971698,0.27619,0.0725806,0.242718,
3.05,0.486726,0.471264,0.103448,0.705882,0.487179,0.67619,0.388235,0.241667,0.183486,0.113821,0.19469,0.154545,0.509434,0.835165,0.210526,0.371901,0.273333,0.278351,0.114754,0.311111,0.32381,0.195122,0.37234,0.31068,0.76,0.184211,0.411765,0.0214286,0.962264,0.27619,0.0725806,0.262136,
3.1,0.415929,0.494253,0.103448,0.661765,0.418803,0.657143,0.376471,0.241667,0.201835,0.113821,0.19469,0.154545,0.537736,0.857143,0.219298,0.38843,0.313333,0.298969,0.114754,0.322222,0.342857,0.195122,0.361702,0.31068,0.784,0.184211,0.394958,0.0285714,0.971698,0.266667,0.0806452,0.271845,
3.15,0.40708,0.494253,0.112069,0.661765,0.418803,0.657143,0.376471,0.241667,0.201835,0.113821,0.19469,0.154545,0.54717,0.857143,0.201754,0.38843,0.313333,0.298969,0.114754,0.333333,0.342857,0.195122,0.351064,0.31068,0.792,0.184211,0.386555,0.0285714,0.971698,0.266667,0.0806452,0.281553,
3.2,0.40708,0.505747,0.112069,0.661765,0.393162,0.657143,0.376471,0.241667,0.201835,0.113821,0.185841,0.154545,0.556604,0.857143,0.201754,0.396694,0.32,0.298969,0.114754,0.333333,0.342857,0.195122,0.351064,0.31068,0.792,0.184211,0.378151,0.0285714,0.990566,0.266667,0.0806452,0.281553,
3.25,0.40708,0.517241,0.112069,0.676471,0.384615,0.638095,0.388235,0.241667,0.201835,0.113821,0.185841,0.154545,0.575472,0.857143,0.201754,0.413223,0.333333,0.298969,0.114754,0.322222,0.352381,0.195122,0.361702,0.31068,0.784,0.192982,0.369748,0.0285714,0.990566,0.266667,0.0806452,0.281553,
3.3,0.40708,0.517241,0.112069,0.676471,0.393162,0.657143,0.388235,0.241667,0.201835,0.113821,0.185841,0.154545,0.575472,0.857143,0.201754,0.429752,0.346667,0.298969,0.114754,0.322222,0.352381,0.195122,0.351064,0.31068,0.792,0.192982,0.352941,0.0285714,0.990566,0.257143,0.0806452,0.281553,
3.35,0.39823,0.528736,0.112069,0.676471,0.393162,0.647619,0.376471,0.241667,0.201835,0.113821,0.185841,0.154545,0.584906,0.857143,0.201754,0.438017,0.36,0.309278,0.114754,0.322222,0.352381,0.195122,0.351064,0.31068,0.8,0.192982,0.344538,0.0285714,0.990566,0.257143,0.0806452,0.291262,
3.4,0.39823,0.528736,0.112069,0.676471,0.384615,0.647619,0.376471,0.233333,0.201835,0.113821,0.185841,0.154545,0.584906,0.868132,0.201754,0.446281,0.36,0.309278,0.122951,0.322222,0.352381,0.195122,0.351064,0.31068,0.808,0.192982,0.327731,0.0285714,0.981132,0.257143,0.0806452,0.300971,
3.45,0.39823,0.528736,0.112069,0.661765,0.384615,0.6,0.364706,0.241667,0.201835,0.113821,0.185841,0.154545,0.584906,0.868132,0.201754,0.46281,0.386667,0.319588,0.122951,0.322222,0.352381,0.195122,0.340426,0.31068,0.8,0.192982,0.327731,0.0285714,1,0.27619,0.0887097,0.31068,
3.5,0.39823,0.54023,0.12069,0.647059,0.358974,0.571429,0.376471,0.241667,0.201835,0.113821,0.185841,0.154545,0.584906,0.89011,0.201754,0.495868,0.393333,0.340206,0.114754,0.322222,0.361905,0.195122,0.351064,0.300971,0.816,0.192982,0.327731,0.0285714,0.990566,0.266667,0.0887097,0.320388,
3.55,0.371681,0.551724,0.12069,0.676471,0.350427,0.533333,0.364706,0.241667,0.201835,0.113821,0.185841,0.154545,0.622642,0.879121,0.201754,0.545455,0.42,0.360825,0.106557,0.322222,0.361905,0.195122,0.351064,0.31068,0.848,0.184211,0.327731,0.0285714,0.981132,0.257143,0.0887097,0.330097,
3.6,0.371681,0.563218,0.12069,0.705882,0.34188,0.485714,0.364706,0.233333,0.201835,0.113821,0.185841,0.163636,0.632075,0.89011,0.192982,0.53719,0.46,0.371134,0.114754,0.322222,0.371429,0.195122,0.340426,0.31068,0.856,0.184211,0.327731,0.0285714,0.962264,0.257143,0.0887097,0.330097,
3.65,0.371681,0.551724,0.12069,0.676471,0.34188,0.485714,0.364706,0.233333,0.201835,0.113821,0.185841,0.172727,0.641509,0.879121,0.192982,0.545455,0.48,0.381443,0.114754,0.322222,0.371429,0.195122,0.329787,0.31068,0.864,0.184211,0.327731,0.0285714,0.971698,0.257143,0.0887097,0.330097,
3.7,0.371681,0.551724,0.12931,0.676471,0.333333,0.485714,0.364706,0.233333,0.201835,0.113821,0.185841,0.172727,0.669811,0.89011,0.192982,0.561983,0.493333,0.381443,0.114754,0.322222,0.380952,0.195122,0.329787,0.31068,0.872,0.184211,0.327731,0.0285714,0.943396,0.257143,0.0887097,0.330097,
3.75,0.362832,0.551724,0.12931,0.676471,0.316239,0.47619,0.364706,0.233333,0.201835,0.113821,0.185841,0.163636,0.679245,0.912088,0.192982,0.570248,0.506667,0.381443,0.114754,0.322222,0.380952,0.186992,0.340426,0.320388,0.864,0.184211,0.319328,0.0285714,0.933962,0.257143,0.0887097,0.330097,
3.8,0.362832,0.574713,0.12931,0.691176,0.316239,0.485714,0.364706,0.241667,0.211009,0.113821,0.185841,0.163636,0.688679,0.912088,0.192982,0.570248,0.52,0.371134,0.114754,0.322222,0.380952,0.195122,0.329787,0.320388,0.872,0.184211,0.310924,0.0285714,0.933962,0.257143,0.0887097,0.330097,
3.85,0.353982,0.574713,0.12931,0.705882,0.316239,0.485714,0.364706,0.241667,0.211009,0.121951,0.185841,0.172727,0.688679,0.912088,0.192982,0.586777,0.526667,0.371134,0.114754,0.333333,0.380952,0.195122,0.329787,0.320388,0.872,0.184211,0.310924,0.0285714,0.933962,0.257143,0.0887097,0.339806,
3.9,0.353982,0.574713,0.12931,0.705882,0.307692,0.47619,0.376471,0.25,0.220183,0.130081,0.185841,0.172727,0.698113,0.901099,0.201754,0.61157,0.566667,0.371134,0.114754,0.333333,0.380952,0.195122,0.329787,0.320388,0.88,0.184211,0.310924,0.0285714,0.933962,0.257143,0.0887097,0.339806,
3.95,0.345133,0.586207,0.12931,0.705882,0.307692,0.466667,0.376471,0.25,0.220183,0.130081,0.185841,0.172727,0.698113,0.912088,0.201754,0.636364,0.586667,0.371134,0.106557,0.333333,0.380952,0.195122,0.329787,0.320388,0.904,0.184211,0.310924,0.0357143,0.933962,0.257143,0.0887097,0.349515,
4,0.318584,0.597701,0.12931,0.705882,0.299145,0.457143,0.376471,0.25,0.229358,0.138211,0.185841,0.172727,0.726415,0.912088,0.201754,0.702479,0.633333,0.381443,0.106557,0.333333,0.380952,0.195122,0.329787,0.349515,0.904,0.184211,0.310924,0.0357143,0.924528,0.257143,0.0887097,0.368932,
4.05,0.292035,0.666667,0.12931,0.705882,0.264957,0.352381,0.4,0.225,0.256881,0.146341,0.185841,0.172727,0.811321,0.934066,0.210526,0.826446,0.753333,0.484536,0.114754,0.333333,0.419048,0.203252,0.340426,0.378641,0.952,0.175439,0.260504,0.0357143,0.886792,0.266667,0.0887097,0.398058,
4.1,0.283186,0.678161,0.137931,0.735294,0.25641,0.333333,0.4,0.225,0.247706,0.138211,0.185841,0.172727,0.858491,0.956044,0.210526,0.900826,0.786667,0.484536,0.114754,0.333333,0.428571,0.203252,0.329787,0.378641,0.96,0.175439,0.268908,0.0357143,0.820755,0.266667,0.0887097,0.407767,
4.15,0.292035,0.678161,0.146552,0.75,0.247863,0.333333,0.4,0.225,0.247706,0.138211,0.185841,0.172727,0.858491,0.956044,0.210526,0.900826,0.806667,0.494845,0.114754,0.322222,0.428571,0.203252,0.329787,0.378641,0.96,0.175439,0.268908,0.0357143,0.811321,0.266667,0.0887097,0.417476,
4.2,0.292035,0.689655,0.146552,0.764706,0.239316,0.333333,0.4,0.233333,0.247706,0.146341,0.185841,0.172727,0.858491,0.967033,0.210526,0.900826,0.813333,0.505155,0.122951,0.322222,0.428571,0.211382,0.329787,0.378641,0.968,0.175439,0.268908,0.0357143,0.820755,0.266667,0.0887097,0.436893,
4.25,0.292035,0.689655,0.155172,0.764706,0.239316,0.333333,0.388235,0.233333,0.247706,0.146341,0.176991,0.172727,0.877358,0.989011,0.210526,0.900826,0.813333,0.494845,0.122951,0.322222,0.428571,0.211382,0.319149,0.38835,0.984,0.175439,0.268908,0.0357143,0.811321,0.266667,0.0887097,0.436893,
4.3,0.300885,0.701149,0.155172,0.75,0.239316,0.333333,0.388235,0.233333,0.247706,0.146341,0.185841,0.172727,0.877358,0.989011,0.219298,0.917355,0.82,0.494845,0.122951,0.333333,0.428571,0.211382,0.319149,0.38835,0.984,0.175439,0.268908,0.0357143,0.801887,0.266667,0.0887097,0.436893,
4.35,0.300885,0.701149,0.155172,0.735294,0.239316,0.333333,0.376471,0.233333,0.256881,0.146341,0.185841,0.172727,0.877358,0.989011,0.219298,0.917355,0.826667,0.505155,0.122951,0.333333,0.428571,0.211382,0.308511,0.398058,0.984,0.175439,0.268908,0.0357143,0.773585,0.266667,0.0887097,0.446602,
4.4,0.300885,0.712644,0.163793,0.735294,0.239316,0.333333,0.376471,0.233333,0.256881,0.146341,0.185841,0.172727,0.877358,1,0.219298,0.933884,0.833333,0.505155,0.122951,0.333333,0.438095,0.219512,0.319149,0.398058,0.984,0.184211,0.277311,0.0357143,0.773585,0.257143,0.0887097,0.446602,
4.45,0.300885,0.724138,0.163793,0.735294,0.230769,0.314286,0.388235,0.233333,0.256881,0.146341,0.185841,0.172727,0.867925,0.956044,0.219298,0.942149,0.853333,0.505155,0.122951,0.333333,0.438095,0.219512,0.319149,0.398058,1,0.184211,0.277311,0.0357143,0.764151,0.257143,0.0887097,0.446602,
4.5,0.300885,0.735632,0.163793,0.75,0.230769,0.314286,0.388235,0.233333,0.256881,0.146341,0.185841,0.190909,0.867925,0.945055,0.219298,0.950413,0.886667,0.505155,0.122951,0.322222,0.447619,0.219512,0.319149,0.398058,0.992,0.184211,0.277311,0.0357143,0.764151,0.266667,0.0887097,0.446602,
4.55,0.292035,0.712644,0.163793,0.75,0.222222,0.304762,0.388235,0.233333,0.256881,0.146341,0.185841,0.190909,0.858491,0.978022,0.219298,0.958678,0.9,0.525773,0.122951,0.322222,0.447619,0.219512,0.308511,0.398058,1,0.201754,0.277311,0.0357143,0.716981,0.257143,0.0887097,0.446602,
4.6,0.283186,0.712644,0.163793,0.75,0.222222,0.304762,0.388235,0.233333,0.266055,0.146341,0.19469,0.190909,0.858491,0.989011,0.219298,0.942149,0.913333,0.525773,0.122951,0.322222,0.457143,0.219512,0.287234,0.398058,1,0.201754,0.285714,0.0428571,0.726415,0.257143,0.0887097,0.446602,
4.65,0.283186,0.712644,0.163793,0.75,0.213675,0.304762,0.376471,0.233333,0.275229,0.146341,0.19469,0.190909,0.867925,1,0.219298,0.958678,0.926667,0.525773,0.122951,0.333333,0.466667,0.219512,0.287234,0.398058,0.984,0.210526,0.285714,0.0428571,0.716981,0.257143,0.0887097,0.446602,
4.7,0.283186,0.712644,0.163793,0.764706,0.222222,0.295238,0.388235,0.233333,0.275229,0.146341,0.19469,0.190909,0.896226,0.978022,0.219298,0.975207,0.94,0.525773,0.122951,0.333333,0.466667,0.219512,0.287234,0.398058,0.984,0.219298,0.285714,0.0428571,0.716981,0.266667,0.0887097,0.466019,
4.75,0.283186,0.712644,0.163793,0.75,0.222222,0.295238,0.388235,0.241667,0.275229,0.146341,0.20354,0.190909,0.896226,0.967033,0.219298,0.975207,0.94,0.536082,0.122951,0.355556,0.457143,0.219512,0.287234,0.398058,0.984,0.219298,0.285714,0.0428571,0.716981,0.257143,0.0887097,0.475728,
4.8,0.283186,0.712644,0.163793,0.75,0.213675,0.295238,0.4,0.241667,0.284404,0.154472,0.20354,0.190909,0.896226,0.956044,0.219298,0.983471,0.94,0.546392,0.122951,0.355556,0.466667,0.219512,0.287234,0.398058,0.992,0.219298,0.277311,0.0428571,0.716981,0.247619,0.0887097,0.485437,
4.85,0.274336,0.712644,0.163793,0.75,0.213675,0.27619,0.388235,0.241667,0.284404,0.154472,0.20354,0.190909,0.896226,0.956044,0.22807,0.983471,0.94,0.546392,0.122951,0.355556,0.47619,0.219512,0.276596,0.38835,0.992,0.219298,0.277311,0.0428571,0.707547,0.247619,0.0887097,0.485437,
4.9,0.274336,0.712644,0.163793,0.75,0.213675,0.266667,0.388235,0.241667,0.284404,0.154472,0.20354,0.190909,0.90566,0.945055,0.22807,0.983471,0.946667,0.556701,0.122951,0.355556,0.47619,0.219512,0.287234,0.38835,0.984,0.219298,0.277311,0.0428571,0.707547,0.238095,0.0967742,0.485437,
4.95,0.256637,0.724138,0.172414,0.75,0.213675,0.257143,0.388235,0.241667,0.284404,0.154472,0.19469,0.190909,0.915094,0.934066,0.22807,0.983471,0.953333,0.57732,0.122951,0.344444,0.466667,0.219512,0.287234,0.38835,0.984,0.219298,0.268908,0.05,0.698113,0.238095,0.0967742,0.495146,
5,0.256637,0.804598,0.181034,0.735294,0.205128,0.266667,0.388235,0.233333,0.293578,0.154472,0.19469,0.2,0.943396,0.945055,0.22807,0.991736,0.993333,0.639175,0.122951,0.377778,0.495238,0.243902,0.287234,0.407767,0.944,0.254386,0.260504,0.05,0.679245,0.247619,0.0967742,0.514563,
5.05,0.265487,0.83908,0.224138,0.720588,0.196581,0.247619,0.411765,0.225,0.293578,0.162602,0.19469,0.218182,1,0.934066,0.219298,1,1,0.701031,0.122951,0.377778,0.542857,0.260163,0.287234,0.436893,0.864,0.263158,0.260504,0.0571429,0.660377,0.247619,0.112903,0.553398,
5.1,0.265487,0.862069,0.215517,0.720588,0.196581,0.238095,0.388235,0.225,0.293578,0.162602,0.20354,0.218182,0.990566,0.934066,0.210526,1,0.973333,0.721649,0.122951,0.377778,0.533333,0.260163,0.276596,0.436893,0.864,0.263158,0.252101,0.0571429,0.660377,0.228571,0.112903,0.563107,
5.15,0.265487,0.862069,0.25,0.720588,0.196581,0.238095,0.388235,0.216667,0.293578,0.162602,0.20354,0.218182,0.981132,0.934066,0.210526,1,0.973333,0.721649,0.122951,0.377778,0.552381,0.260163,0.276596,0.436893,0.856,0.27193,0.252101,0.0571429,0.660377,0.219048,0.112903,0.563107,
5.2,0.265487,0.873563,0.275862,0.735294,0.196581,0.238095,0.388235,0.216667,0.293578,0.162602,0.20354,0.218182,0.971698,0.934066,0.210526,1,0.96,0.721649,0.122951,0.377778,0.561905,0.252033,0.276596,0.436893,0.864,0.280702,0.252101,0.0571429,0.660377,0.219048,0.112903,0.563107,
5.25,0.256637,0.873563,0.284483,0.735294,0.196581,0.238095,0.376471,0.216667,0.293578,0.162602,0.20354,0.218182,0.971698,0.923077,0.210526,0.975207,0.96,0.731959,0.122951,0.377778,0.561905,0.252033,0.276596,0.446602,0.864,0.280702,0.252101,0.0571429,0.650943,0.219048,0.112903,0.563107,
5.3,0.256637,0.873563,0.284483,0.735294,0.196581,0.238095,0.376471,0.225,0.293578,0.170732,0.19469,0.218182,0.962264,0.934066,0.210526,0.975207,0.953333,0.731959,0.122951,0.377778,0.561905,0.252033,0.276596,0.446602,0.864,0.280702,0.252101,0.0571429,0.641509,0.219048,0.112903,0.563107,
5.35,0.256637,0.873563,0.284483,0.735294,0.196581,0.238095,0.376471,0.225,0.293578,0.170732,0.185841,0.218182,0.943396,0.934066,0.210526,0.966942,0.96,0.731959,0.122951,0.377778,0.561905,0.260163,0.265957,0.446602,0.856,0.280702,0.243697,0.0571429,0.632075,0.219048,0.112903,0.572816,
5.4,0.256637,0.885057,0.284483,0.735294,0.196581,0.238095,0.364706,0.225,0.293578,0.170732,0.185841,0.218182,0.962264,0.923077,0.210526,0.983471,0.96,0.731959,0.122951,0.377778,0.561905,0.260163,0.265957,0.446602,0.856,0.280702,0.235294,0.0571429,0.613208,0.219048,0.112903,0.582524,
5.45,0.247788,0.896552,0.284483,0.75,0.196581,0.238095,0.364706,0.216667,0.293578,0.170732,0.185841,0.218182,0.990566,0.912088,0.210526,0.966942,0.96,0.742268,0.122951,0.377778,0.571429,0.260163,0.265957,0.446602,0.856,0.280702,0.235294,0.0571429,0.613208,0.219048,0.112903,0.592233,
5.5,0.247788,0.896552,0.284483,0.75,0.196581,0.238095,0.352941,0.216667,0.293578,0.170732,0.185841,0.218182,0.990566,0.879121,0.210526,0.966942,0.94,0.742268,0.122951,0.388889,0.571429,0.268293,0.265957,0.456311,0.856,0.280702,0.226891,0.0571429,0.59434,0.219048,0.112903,0.582524,
5.55,0.247788,0.908046,0.284483,0.764706,0.196581,0.238095,0.352941,0.208333,0.293578,0.170732,0.176991,0.209091,0.990566,0.824176,0.210526,0.958678,0.933333,0.752577,0.122951,0.388889,0.6,0.300813,0.265957,0.466019,0.824,0.289474,0.226891,0.0571429,0.603774,0.219048,0.112903,0.601942,
5.6,0.247788,0.908046,0.293103,0.794118,0.196581,0.238095,0.352941,0.208333,0.293578,0.178862,0.176991,0.209091,0.971698,0.824176,0.210526,0.958678,0.92,0.762887,0.122951,0.388889,0.609524,0.292683,0.265957,0.485437,0.792,0.307018,0.226891,0.0571429,0.603774,0.219048,0.112903,0.621359,
5.65,0.247788,0.885057,0.293103,0.808824,0.196581,0.228571,0.364706,0.208333,0.284404,0.178862,0.176991,0.209091,0.981132,0.791209,0.210526,0.950413,0.92,0.752577,0.122951,0.388889,0.628571,0.292683,0.265957,0.475728,0.784,0.307018,0.226891,0.0571429,0.603774,0.219048,0.112903,0.621359,
5.7,0.247788,0.896552,0.293103,0.808824,0.196581,0.228571,0.364706,0.208333,0.275229,0.178862,0.185841,0.209091,0.981132,0.78022,0.219298,0.950413,0.913333,0.742268,0.122951,0.388889,0.638095,0.292683,0.265957,0.475728,0.768,0.307018,0.226891,0.0571429,0.603774,0.219048,0.112903,0.621359,
5.75,0.247788,0.908046,0.293103,0.823529,0.188034,0.238095,0.364706,0.208333,0.266055,0.178862,0.185841,0.209091,0.971698,0.791209,0.219298,0.950413,0.906667,0.742268,0.122951,0.388889,0.638095,0.300813,0.265957,0.475728,0.744,0.298246,0.226891,0.0571429,0.603774,0.219048,0.112903,0.621359,
5.8,0.247788,0.896552,0.301724,0.823529,0.188034,0.238095,0.364706,0.208333,0.256881,0.178862,0.19469,0.209091,0.971698,0.78022,0.219298,0.942149,0.9,0.752577,0.131148,0.388889,0.647619,0.300813,0.265957,0.485437,0.744,0.298246,0.226891,0.0571429,0.603774,0.219048,0.112903,0.631068,
5.85,0.256637,0.896552,0.310345,0.823529,0.188034,0.238095,0.352941,0.208333,0.256881,0.178862,0.19469,0.209091,0.962264,0.769231,0.219298,0.933884,0.893333,0.762887,0.131148,0.377778,0.647619,0.308943,0.265957,0.495146,0.736,0.298246,0.218487,0.0571429,0.603774,0.219048,0.112903,0.650485,
5.9,0.256637,0.896552,0.310345,0.823529,0.188034,0.238095,0.352941,0.208333,0.256881,0.178862,0.19469,0.209091,0.962264,0.769231,0.219298,0.917355,0.873333,0.762887,0.131148,0.377778,0.647619,0.317073,0.265957,0.495146,0.736,0.298246,0.218487,0.0571429,0.59434,0.228571,0.112903,0.650485,
5.95,0.256637,0.91954,0.336207,0.867647,0.188034,0.247619,0.352941,0.208333,0.247706,0.178862,0.19469,0.209091,0.95283,0.747253,0.219298,0.92562,0.846667,0.793814,0.131148,0.377778,0.647619,0.317073,0.265957,0.495146,0.736,0.307018,0.218487,0.0571429,0.584906,0.228571,0.112903,0.669903,
6,0.256637,0.931035,0.344828,0.852941,0.188034,0.219048,0.376471,0.216667,0.256881,0.178862,0.20354,0.227273,0.933962,0.692308,0.219298,0.859504,0.813333,0.824742,0.131148,0.377778,0.714286,0.349593,0.265957,0.524272,0.712,0.315789,0.210084,0.0642857,0.584906,0.228571,0.112903,0.708738,
6.05,0.247788,0.942529,0.37931,0.970588,0.179487,0.219048,0.376471,0.208333,0.275229,0.186992,0.20354,0.254545,0.858491,0.637363,0.219298,0.743802,0.66,0.938144,0.147541,0.377778,0.819048,0.390244,0.265957,0.563107,0.648,0.342105,0.201681,0.0714286,0.54717,0.228571,0.129032,0.786408,
6.10001,0.238938,0.91954,0.387931,0.970588,0.179487,0.219048,0.341176,0.208333,0.275229,0.195122,0.20354,0.254545,0.849057,0.637363,0.219298,0.694215,0.613333,0.927835,0.147541,0.377778,0.857143,0.390244,0.265957,0.563107,0.616,0.342105,0.201681,0.0714286,0.537736,0.228571,0.129032,0.796117,
6.15001,0.238938,0.908046,0.387931,0.985294,0.179487,0.219048,0.341176,0.2,0.266055,0.195122,0.20354,0.254545,0.849057,0.637363,0.219298,0.694215,0.586667,0.917526,0.147541,0.377778,0.87619,0.390244,0.255319,0.563107,0.592,0.350877,0.201681,0.0714286,0.528302,0.228571,0.129032,0.796117,
6.20001,0.238938,0.896552,0.387931,0.985294,0.179487,0.219048,0.341176,0.2,0.266055,0.203252,0.20354,0.254545,0.839623,0.626374,0.219298,0.677686,0.573333,0.927835,0.155738,0.377778,0.87619,0.398374,0.255319,0.563107,0.576,0.350877,0.201681,0.0714286,0.528302,0.228571,0.137097,0.796117,
6.25001,0.238938,0.896552,0.387931,1,0.179487,0.219048,0.329412,0.2,0.266055,0.211382,0.20354,0.263636,0.839623,0.626374,0.219298,0.669421,0.566667,0.927835,0.155738,0.377778,0.87619,0.406504,0.255319,0.572816,0.56,0.342105,0.201681,0.0714286,0.528302,0.228571,0.137097,0.786408,
6.30001,0.238938,0.896552,0.396552,1,0.179487,0.219048,0.317647,0.208333,0.266055,0.211382,0.19469,0.263636,0.830189,0.626374,0.219298,0.644628,0.56,0.927835,0.155738,0.377778,0.885714,0.406504,0.255319,0.582524,0.544,0.350877,0.201681,0.0714286,0.518868,0.228571,0.137097,0.796117,
6.35001,0.230089,0.896552,0.396552,1,0.179487,0.219048,0.317647,0.208333,0.256881,0.219512,0.19469,0.263636,0.830189,0.626374,0.219298,0.644628,0.546667,0.948454,0.163934,0.377778,0.885714,0.414634,0.255319,0.592233,0.52,0.359649,0.201681,0.0714286,0.5,0.228571,0.137097,0.796117,
6.40001,0.238938,0.896552,0.396552,0.985294,0.179487,0.219048,0.317647,0.208333,0.256881,0.227642,0.19469,0.263636,0.811321,0.626374,0.219298,0.636364,0.54,0.938144,0.163934,0.377778,0.895238,0.422764,0.255319,0.601942,0.512,0.368421,0.201681,0.0714286,0.5,0.228571,0.137097,0.776699,
6.45001,0.238938,0.896552,0.396552,1,0.179487,0.219048,0.317647,0.208333,0.256881,0.227642,0.19469,0.263636,0.801887,0.626374,0.219298,0.619835,0.533333,0.948454,0.163934,0.377778,0.904762,0.414634,0.255319,0.621359,0.496,0.385965,0.201681,0.0714286,0.5,0.228571,0.145161,0.786408,
6.50001,0.238938,0.91954,0.431034,1,0.179487,0.219048,0.317647,0.208333,0.247706,0.227642,0.19469,0.272727,0.801887,0.615385,0.219298,0.586777,0.52,0.938144,0.163934,0.377778,0.895238,0.430894,0.255319,0.660194,0.488,0.403509,0.201681,0.0714286,0.5,0.228571,0.145161,0.786408,
6.55001,0.238938,0.931035,0.456897,1,0.179487,0.219048,0.317647,0.208333,0.229358,0.227642,0.19469,0.272727,0.783019,0.615385,0.219298,0.570248,0.48,0.927835,0.163934,0.377778,0.895238,0.455285,0.255319,0.660194,0.472,0.412281,0.201681,0.0714286,0.462264,0.228571,0.145161,0.805825,
6.60001,0.238938,0.91954,0.482759,0.970588,0.179487,0.209524,0.317647,0.208333,0.229358,0.227642,0.19469,0.272727,0.764151,0.593407,0.219298,0.578512,0.44,0.917526,0.163934,0.388889,0.904762,0.471545,0.255319,0.660194,0.448,0.421053,0.201681,0.0714286,0.45283,0.228571,0.145161,0.805825,
6.65001,0.238938,0.908046,0.482759,0.985294,0.188034,0.209524,0.317647,0.208333,0.238532,0.227642,0.19469,0.272727,0.764151,0.593407,0.219298,0.545455,0.413333,0.938144,0.163934,0.388889,0.92381,0.495935,0.255319,0.669903,0.448,0.429825,0.201681,0.0714286,0.45283,0.228571,0.145161,0.815534,
6.70001,0.238938,0.908046,0.482759,0.955882,0.188034,0.209524,0.317647,0.208333,0.238532,0.227642,0.19469,0.272727,0.745283,0.582418,0.219298,0.545455,0.406667,0.948454,0.163934,0.388889,0.92381,0.504065,0.255319,0.669903,0.432,0.429825,0.201681,0.0714286,0.443396,0.228571,0.145161,0.825243,
6.75001,0.238938,0.896552,0.508621,0.955882,0.188034,0.209524,0.305882,0.208333,0.229358,0.235772,0.19469,0.272727,0.754717,0.604396,0.219298,0.545455,0.393333,0.948454,0.163934,0.388889,0.933333,0.512195,0.255319,0.679612,0.44,0.429825,0.201681,0.0714286,0.443396,0.228571,0.145161,0.825243,
6.80001,0.238938,0.908046,0.525862,0.970588,0.188034,0.2,0.305882,0.2,0.238532,0.235772,0.19469,0.290909,0.754717,0.593407,0.219298,0.520661,0.366667,0.948454,0.163934,0.388889,0.933333,0.512195,0.255319,0.679612,0.44,0.429825,0.201681,0.0714286,0.424528,0.228571,0.145161,0.834951,
6.85001,0.238938,0.91954,0.543103,0.985294,0.188034,0.2,0.305882,0.2,0.238532,0.235772,0.20354,0.3,0.754717,0.593407,0.219298,0.520661,0.346667,0.948454,0.163934,0.388889,0.933333,0.528455,0.255319,0.679612,0.44,0.429825,0.201681,0.0714286,0.424528,0.228571,0.153226,0.825243,
6.90001,0.238938,0.931035,0.560345,1,0.188034,0.190476,0.305882,0.2,0.238532,0.252033,0.20354,0.3,0.745283,0.593407,0.219298,0.512397,0.34,0.948454,0.163934,0.388889,0.92381,0.528455,0.255319,0.68932,0.44,0.438596,0.201681,0.0714286,0.424528,0.228571,0.153226,0.825243,
6.95001,0.238938,0.908046,0.560345,0.985294,0.188034,0.190476,0.305882,0.2,0.247706,0.252033,0.20354,0.309091,0.745283,0.593407,0.219298,0.487603,0.34,0.979381,0.155738,0.377778,0.92381,0.536585,0.244681,0.679612,0.408,0.438596,0.201681,0.0714286,0.424528,0.228571,0.16129,0.825243,
7.00001,0.238938,0.91954,0.594828,0.955882,0.188034,0.190476,0.294118,0.2,0.266055,0.268293,0.20354,0.336364,0.735849,0.549451,0.219298,0.471074,0.293333,1,0.163934,0.377778,0.942857,0.585366,0.244681,0.699029,0.36,0.473684,0.201681,0.0785714,0.377358,0.228571,0.177419,0.873786,
7.05001,0.238938,1,0.775862,0.970588,0.188034,0.190476,0.282353,0.191667,0.266055,0.276423,0.20354,0.345455,0.679245,0.516484,0.219298,0.396694,0.22,1,0.180328,0.388889,1,0.634146,0.244681,0.728155,0.312,0.587719,0.201681,0.0857143,0.349057,0.219048,0.193548,0.951456,
7.10001,0.238938,0.965517,0.775862,0.985294,0.188034,0.190476,0.282353,0.191667,0.256881,0.276423,0.20354,0.363636,0.641509,0.505495,0.219298,0.38843,0.193333,0.989691,0.180328,0.366667,0.990476,0.650406,0.244681,0.718447,0.296,0.622807,0.201681,0.0857143,0.339623,0.219048,0.193548,0.941748,
7.15001,0.238938,0.954023,0.775862,0.985294,0.196581,0.190476,0.282353,0.191667,0.256881,0.276423,0.20354,0.363636,0.641509,0.494505,0.219298,0.380165,0.186667,0.979381,0.180328,0.355556,0.990476,0.642276,0.244681,0.718447,0.288,0.622807,0.201681,0.0857143,0.339623,0.219048,0.201613,0.951456,
7.20001,0.238938,0.942529,0.775862,0.955882,0.196581,0.190476,0.282353,0.191667,0.256881,0.284553,0.20354,0.354545,0.632075,0.494505,0.219298,0.371901,0.18,0.979381,0.180328,0.355556,0.990476,0.674797,0.244681,0.708738,0.28,0.622807,0.201681,0.0857143,0.339623,0.219048,0.201613,0.970874,
7.25001,0.238938,0.954023,0.767241,0.955882,0.188034,0.190476,0.282353,0.191667,0.256881,0.284553,0.20354,0.354545,0.622642,0.494505,0.219298,0.355372,0.18,0.989691,0.180328,0.344444,0.990476,0.682927,0.244681,0.718447,0.28,0.631579,0.201681,0.0857143,0.330189,0.219048,0.201613,0.961165,
7.30001,0.238938,0.965517,0.775862,0.955882,0.188034,0.190476,0.282353,0.191667,0.256881,0.300813,0.20354,0.372727,0.603774,0.494505,0.219298,0.347107,0.18,0.989691,0.180328,0.344444,0.971429,0.682927,0.244681,0.718447,0.28,0.631579,0.201681,0.0857143,0.330189,0.209524,0.209677,0.941748,
7.35001,0.238938,0.965517,0.793103,0.970588,0.188034,0.190476,0.294118,0.191667,0.256881,0.308943,0.20354,0.381818,0.59434,0.494505,0.219298,0.338843,0.18,0.979381,0.180328,0.344444,0.952381,0.682927,0.244681,0.747573,0.272,0.622807,0.201681,0.0857143,0.330189,0.209524,0.209677,0.951456,
7.40001,0.238938,0.954023,0.793103,0.970588,0.188034,0.190476,0.294118,0.191667,0.256881,0.317073,0.20354,0.381818,0.603774,0.494505,0.219298,0.338843,0.173333,0.979381,0.180328,0.333333,0.933333,0.691057,0.244681,0.757282,0.264,0.640351,0.201681,0.0857143,0.330189,0.209524,0.209677,0.951456,
7.45001,0.238938,0.954023,0.818965,0.970588,0.188034,0.190476,0.294118,0.191667,0.256881,0.317073,0.20354,0.390909,0.59434,0.505495,0.219298,0.330579,0.166667,0.979381,0.188525,0.322222,0.914286,0.699187,0.244681,0.76699,0.272,0.666667,0.201681,0.0857143,0.330189,0.209524,0.217742,0.961165,
7.50001,0.238938,0.965517,0.836207,0.955882,0.188034,0.190476,0.294118,0.191667,0.256881,0.308943,0.20354,0.409091,0.575472,0.494505,0.219298,0.322314,0.16,0.989691,0.188525,0.322222,0.904762,0.723577,0.244681,0.76699,0.272,0.675439,0.201681,0.0857143,0.330189,0.209524,0.225806,0.970874,
7.55001,0.238938,0.977012,0.862069,0.941176,0.188034,0.190476,0.294118,0.191667,0.247706,0.308943,0.20354,0.427273,0.556604,0.483516,0.219298,0.289256,0.153333,0.969072,0.196721,0.322222,0.933333,0.772358,0.244681,0.757282,0.264,0.675439,0.193277,0.0857143,0.320755,0.209524,0.241935,0.990291,
7.60001,0.238938,0.965517,0.87931,0.911765,0.188034,0.190476,0.282353,0.191667,0.284404,0.317073,0.20354,0.454545,0.537736,0.472527,0.219298,0.289256,0.153333,0.969072,0.204918,0.322222,0.933333,0.780488,0.244681,0.786408,0.264,0.701754,0.184874,0.0928571,0.320755,0.209524,0.241935,1,
7.65001,0.238938,0.965517,0.87931,0.911765,0.188034,0.190476,0.282353,0.191667,0.284404,0.317073,0.20354,0.454545,0.528302,0.472527,0.219298,0.280992,0.153333,0.979381,0.204918,0.311111,0.933333,0.796748,0.244681,0.805825,0.264,0.701754,0.184874,0.0928571,0.320755,0.2,0.258065,1,
7.70001,0.238938,0.977012,0.87931,0.897059,0.188034,0.190476,0.282353,0.191667,0.284404,0.317073,0.20354,0.463636,0.528302,0.472527,0.219298,0.280992,0.146667,0.969072,0.204918,0.311111,0.933333,0.804878,0.244681,0.825243,0.264,0.701754,0.184874,0.1,0.311321,0.2,0.266129,1,
7.75001,0.238938,0.942529,0.87069,0.897059,0.188034,0.190476,0.282353,0.191667,0.293578,0.325203,0.20354,0.481818,0.528302,0.472527,0.219298,0.280992,0.146667,0.969072,0.204918,0.311111,0.92381,0.804878,0.244681,0.815534,0.264,0.710526,0.184874,0.0928571,0.301887,0.2,0.266129,0.970874,
7.80001,0.238938,0.954023,0.887931,0.897059,0.188034,0.190476,0.282353,0.191667,0.284404,0.333333,0.20354,0.490909,0.528302,0.472527,0.219298,0.272727,0.146667,0.948454,0.221311,0.311111,0.914286,0.813008,0.244681,0.825243,0.272,0.719298,0.184874,0.0928571,0.301887,0.2,0.266129,0.980583,
7.85001,0.238938,0.977012,0.896552,0.882353,0.188034,0.190476,0.282353,0.191667,0.284404,0.333333,0.20354,0.509091,0.5,0.472527,0.219298,0.256198,0.146667,0.948454,0.221311,0.3,0.904762,0.829268,0.244681,0.834951,0.256,0.719298,0.184874,0.1,0.301887,0.2,0.290323,0.970874,
7.90001,0.238938,0.977012,0.905172,0.897059,0.188034,0.190476,0.282353,0.191667,0.293578,0.349593,0.20354,0.527273,0.5,0.472527,0.219298,0.247934,0.146667,0.938144,0.221311,0.3,0.914286,0.837398,0.244681,0.84466,0.256,0.763158,0.184874,0.1,0.301887,0.2,0.290323,0.970874,
7.95001,0.238938,0.965517,0.913793,0.897059,0.188034,0.190476,0.282353,0.191667,0.293578,0.365854,0.20354,0.554545,0.490566,0.472527,0.219298,0.247934,0.146667,0.917526,0.221311,0.3,0.904762,0.845528,0.244681,0.84466,0.248,0.77193,0.184874,0.1,0.301887,0.2,0.298387,0.970874,
8.00001,0.238938,0.988506,0.896552,0.852941,0.188034,0.2,0.282353,0.191667,0.302752,0.390244,0.20354,0.590909,0.45283,0.472527,0.219298,0.247934,0.133333,0.896907,0.229508,0.3,0.885714,0.910569,0.244681,0.912621,0.248,0.833333,0.184874,0.107143,0.292453,0.2,0.33871,0.970874,
8.05001,0.230089,0.988506,0.948276,0.75,0.196581,0.209524,0.270588,0.191667,0.275229,0.487805,0.20354,0.672727,0.424528,0.406593,0.219298,0.231405,0.126667,0.824742,0.262295,0.3,0.87619,1,0.234043,0.932039,0.232,0.921053,0.184874,0.114286,0.292453,0.209524,0.427419,0.970874,
8.10001,0.238938,0.988506,0.956897,0.75,0.196581,0.209524,0.270588,0.191667,0.293578,0.479675,0.20354,0.718182,0.367925,0.373626,0.219298,0.231405,0.126667,0.814433,0.262295,0.3,0.847619,0.98374,0.234043,0.932039,0.224,0.938596,0.184874,0.114286,0.292453,0.209524,0.451613,0.951456,
8.15001,0.230089,0.988506,0.982759,0.735294,0.196581,0.209524,0.270588,0.191667,0.293578,0.479675,0.20354,0.727273,0.367925,0.362637,0.219298,0.231405,0.126667,0.814433,0.270492,0.3,0.847619,0.96748,0.234043,0.941748,0.224,0.947368,0.184874,0.114286,0.292453,0.209524,0.451613,0.951456,
8.20001,0.230089,0.988506,0.991379,0.735294,0.196581,0.219048,0.270588,0.191667,0.293578,0.487805,0.20354,0.736364,0.367925,0.351648,0.219298,0.231405,0.126667,0.804124,0.270492,0.3,0.866667,0.96748,0.234043,0.941748,0.224,0.947368,0.184874,0.128571,0.292453,0.209524,0.467742,0.92233,
8.25001,0.230089,0.977012,1,0.735294,0.196581,0.219048,0.270588,0.191667,0.293578,0.487805,0.20354,0.727273,0.358491,0.351648,0.219298,0.231405,0.126667,0.804124,0.270492,0.288889,0.866667,0.97561,0.234043,0.980583,0.224,0.938596,0.184874,0.128571,0.292453,0.209524,0.475806,0.92233,
8.30001,0.230089,0.965517,1,0.735294,0.196581,0.219048,0.258824,0.191667,0.302752,0.487805,0.19469,0.718182,0.349057,0.351648,0.219298,0.231405,0.126667,0.804124,0.278689,0.288889,0.857143,0.97561,0.234043,0.961165,0.224,0.921053,0.184874,0.135714,0.292453,0.209524,0.5,0.932039,
8.35001,0.230089,0.965517,0.991379,0.720588,0.196581,0.219048,0.258824,0.191667,0.302752,0.504065,0.19469,0.718182,0.349057,0.340659,0.219298,0.22314,0.126667,0.804124,0.270492,0.288889,0.866667,0.96748,0.234043,0.961165,0.224,0.921053,0.184874,0.135714,0.292453,0.209524,0.508065,0.912621,
8.40001,0.230089,0.954023,1,0.720588,0.196581,0.219048,0.247059,0.191667,0.311927,0.504065,0.19469,0.727273,0.349057,0.32967,0.210526,0.214876,0.126667,0.793814,0.270492,0.288889,0.866667,0.95935,0.234043,0.961165,0.224,0.938596,0.184874,0.135714,0.292453,0.209524,0.532258,0.912621,
8.45001,0.230089,0.931035,1,0.720588,0.196581,0.219048,0.247059,0.191667,0.311927,0.520325,0.19469,0.745455,0.339623,0.32967,0.210526,0.214876,0.12,0.793814,0.270492,0.288889,0.87619,0.96748,0.234043,0.961165,0.216,0.938596,0.184874,0.135714,0.292453,0.209524,0.532258,0.912621,
8.50001,0.230089,0.931035,0.974138,0.691176,0.196581,0.228571,0.247059,0.191667,0.33945,0.520325,0.19469,0.763636,0.330189,0.32967,0.210526,0.214876,0.12,0.793814,0.278689,0.288889,0.857143,0.96748,0.223404,0.970874,0.216,0.964912,0.184874,0.15,0.292453,0.209524,0.580645,0.912621,
8.55001,0.230089,0.896552,0.982759,0.647059,0.196581,0.228571,0.247059,0.191667,0.348624,0.560976,0.19469,0.827273,0.330189,0.32967,0.210526,0.206612,0.113333,0.783505,0.295082,0.288889,0.838095,1,0.223404,0.990291,0.216,0.982456,0.184874,0.164286,0.292453,0.209524,0.604839,0.92233,
8.60001,0.230089,0.873563,0.982759,0.617647,0.196581,0.228571,0.247059,0.191667,0.357798,0.577236,0.19469,0.836364,0.330189,0.32967,0.210526,0.206612,0.113333,0.752577,0.319672,0.288889,0.828571,0.98374,0.223404,1,0.216,0.973684,0.184874,0.164286,0.292453,0.209524,0.612903,0.92233,
8.65001,0.230089,0.862069,0.991379,0.617647,0.196581,0.228571,0.247059,0.183333,0.357798,0.577236,0.19469,0.836364,0.339623,0.32967,0.210526,0.198347,0.113333,0.783505,0.344262,0.288889,0.847619,0.99187,0.223404,1,0.216,0.973684,0.184874,0.164286,0.292453,0.209524,0.612903,0.902913,
8.70002,0.230089,0.862069,0.991379,0.602941,0.196581,0.228571,0.247059,0.183333,0.366972,0.593496,0.19469,0.845455,0.339623,0.32967,0.210526,0.198347,0.113333,0.762887,0.344262,0.288889,0.847619,0.99187,0.234043,1,0.216,0.973684,0.184874,0.164286,0.292453,0.209524,0.629032,0.902913,
8.75002,0.230089,0.850575,0.991379,0.617647,0.196581,0.228571,0.247059,0.183333,0.376147,0.601626,0.19469,0.854545,0.339623,0.32967,0.210526,0.198347,0.113333,0.762887,0.352459,0.288889,0.828571,0.99187,0.234043,0.990291,0.216,0.947368,0.184874,0.164286,0.292453,0.209524,0.653226,0.92233,
8.80002,0.230089,0.827586,0.974138,0.632353,0.196581,0.228571,0.247059,0.183333,0.385321,0.601626,0.19469,0.854545,0.339623,0.32967,0.210526,0.198347,0.113333,0.762887,0.377049,0.288889,0.819048,0.99187,0.234043,0.980583,0.216,0.973684,0.184874,0.164286,0.292453,0.209524,0.66129,0.92233,
8.85002,0.230089,0.827586,0.974138,0.647059,0.196581,0.228571,0.247059,0.183333,0.394495,0.609756,0.19469,0.854545,0.339623,0.32967,0.210526,0.198347,0.113333,0.762887,0.377049,0.288889,0.819048,0.98374,0.234043,0.980583,0.216,0.982456,0.184874,0.171429,0.292453,0.209524,0.669355,0.912621,
8.90002,0.230089,0.827586,0.965517,0.647059,0.196581,0.228571,0.247059,0.183333,0.422018,0.617886,0.19469,0.854545,0.339623,0.32967,0.210526,0.198347,0.113333,0.762887,0.393443,0.288889,0.819048,0.97561,0.223404,0.990291,0.216,0.991228,0.184874,0.171429,0.292453,0.209524,0.685484,0.912621,
8.95002,0.230089,0.816092,0.965517,0.632353,0.196581,0.228571,0.247059,0.183333,0.422018,0.617886,0.19469,0.881818,0.330189,0.32967,0.210526,0.198347,0.113333,0.762887,0.401639,0.288889,0.8,0.95935,0.223404,0.970874,0.216,1,0.184874,0.171429,0.292453,0.209524,0.693548,0.902913,
9.00002,0.230089,0.804598,0.939655,0.617647,0.196581,0.228571,0.247059,0.183333,0.46789,0.682927,0.19469,0.9,0.330189,0.32967,0.210526,0.198347,0.113333,0.762887,0.442623,0.311111,0.780952,0.951219,0.223404,0.951456,0.208,0.973684,0.184874,0.207143,0.283019,0.209524,0.758065,0.854369,
9.05002,0.230089,0.701149,0.844828,0.573529,0.196581,0.228571,0.247059,0.183333,0.559633,0.796748,0.20354,0.945455,0.311321,0.32967,0.210526,0.181818,0.12,0.701031,0.5,0.322222,0.714286,0.902439,0.223404,0.873786,0.208,0.938596,0.184874,0.221429,0.254717,0.209524,0.830645,0.805825,
9.10002,0.230089,0.678161,0.836207,0.558824,0.196581,0.228571,0.247059,0.166667,0.587156,0.804878,0.20354,0.954545,0.301887,0.32967,0.210526,0.181818,0.12,0.680412,0.532787,0.311111,0.695238,0.902439,0.223404,0.834951,0.2,0.947368,0.184874,0.235714,0.254717,0.209524,0.830645,0.776699,
9.15002,0.230089,0.678161,0.836207,0.558824,0.196581,0.228571,0.247059,0.166667,0.614679,0.813008,0.20354,0.963636,0.292453,0.318681,0.210526,0.181818,0.12,0.670103,0.540984,0.311111,0.685714,0.902439,0.223404,0.84466,0.2,0.938596,0.184874,0.242857,0.254717,0.209524,0.846774,0.757282,
9.20002,0.230089,0.678161,0.844828,0.558824,0.196581,0.228571,0.247059,0.166667,0.633027,0.813008,0.20354,0.981818,0.292453,0.318681,0.210526,0.181818,0.12,0.680412,0.540984,0.311111,0.67619,0.902439,0.223404,0.834951,0.2,0.921053,0.184874,0.257143,0.254717,0.209524,0.83871,0.757282,
9.25002,0.230089,0.666667,0.836207,0.558824,0.196581,0.228571,0.247059,0.166667,0.633027,0.821138,0.20354,1,0.292453,0.318681,0.210526,0.181818,0.12,0.670103,0.54918,0.311111,0.67619,0.886179,0.223404,0.825243,0.2,0.921053,0.184874,0.257143,0.254717,0.209524,0.854839,0.757282,
9.30002,0.230089,0.666667,0.836207,0.558824,0.196581,0.228571,0.247059,0.166667,0.642202,0.853659,0.20354,0.990909,0.273585,0.318681,0.210526,0.181818,0.12,0.670103,0.581967,0.311111,0.657143,0.878049,0.223404,0.834951,0.2,0.912281,0.184874,0.271429,0.254717,0.209524,0.879032,0.747573,
9.35002,0.221239,0.643678,0.836207,0.558824,0.196581,0.228571,0.247059,0.166667,0.651376,0.861789,0.20354,1,0.273585,0.318681,0.210526,0.173554,0.12,0.670103,0.606557,0.311111,0.647619,0.869919,0.234043,0.834951,0.2,0.921053,0.184874,0.278571,0.254717,0.209524,0.879032,0.737864,
9.40002,0.221239,0.632184,0.827586,0.529412,0.196581,0.228571,0.247059,0.166667,0.66055,0.853659,0.20354,1,0.273585,0.307692,0.210526,0.173554,0.12,0.670103,0.614754,0.311111,0.647619,0.861789,0.234043,0.825243,0.2,0.912281,0.184874,0.292857,0.254717,0.209524,0.903226,0.728155,
9.45002,0.221239,0.643678,0.836207,0.544118,0.196581,0.228571,0.247059,0.166667,0.669725,0.886179,0.20354,0.972727,0.273585,0.307692,0.210526,0.173554,0.12,0.659794,0.647541,0.311111,0.638095,0.853659,0.234043,0.815534,0.2,0.912281,0.184874,0.307143,0.254717,0.209524,0.919355,0.737864,
9.50002,0.221239,0.62069,0.818965,0.544118,0.196581,0.228571,0.247059,0.166667,0.688073,0.894309,0.20354,0.981818,0.273585,0.307692,0.210526,0.173554,0.12,0.628866,0.696721,0.3,0.628571,0.845528,0.234043,0.796117,0.192,0.903509,0.184874,0.342857,0.254717,0.209524,0.903226,0.737864,
9.55002,0.221239,0.609195,0.810345,0.514706,0.196581,0.228571,0.247059,0.166667,0.697248,0.902439,0.20354,0.981818,0.273585,0.307692,0.210526,0.173554,0.12,0.628866,0.745902,0.3,0.609524,0.813008,0.234043,0.776699,0.192,0.868421,0.184874,0.4,0.254717,0.209524,0.895161,0.737864,
9.60002,0.221239,0.609195,0.810345,0.514706,0.196581,0.228571,0.247059,0.166667,0.706422,0.918699,0.20354,0.972727,0.273585,0.307692,0.210526,0.173554,0.12,0.597938,0.786885,0.3,0.590476,0.796748,0.234043,0.76699,0.192,0.850877,0.184874,0.428571,0.254717,0.209524,0.91129,0.728155,
9.65002,0.221239,0.609195,0.801724,0.514706,0.196581,0.228571,0.247059,0.166667,0.743119,0.926829,0.20354,0.972727,0.273585,0.307692,0.210526,0.173554,0.12,0.597938,0.819672,0.3,0.580952,0.788618,0.234043,0.757282,0.192,0.850877,0.184874,0.442857,0.254717,0.209524,0.919355,0.728155,
9.70002,0.221239,0.597701,0.793103,0.514706,0.196581,0.228571,0.247059,0.166667,0.779817,0.95935,0.20354,0.963636,0.264151,0.307692,0.210526,0.173554,0.12,0.608247,0.844262,0.3,0.571429,0.780488,0.234043,0.737864,0.192,0.850877,0.184874,0.442857,0.254717,0.209524,0.919355,0.708738,
9.75002,0.221239,0.586207,0.793103,0.514706,0.196581,0.228571,0.247059,0.166667,0.844037,0.95935,0.20354,0.954545,0.273585,0.307692,0.210526,0.173554,0.12,0.608247,0.852459,0.3,0.571429,0.772358,0.234043,0.728155,0.192,0.850877,0.184874,0.457143,0.254717,0.209524,0.903226,0.708738,
9.80002,0.221239,0.586207,0.784483,0.514706,0.196581,0.228571,0.247059,0.166667,0.87156,0.96748,0.20354,0.945455,0.273585,0.307692,0.210526,0.173554,0.12,0.608247,0.885246,0.3,0.561905,0.764228,0.234043,0.728155,0.192,0.850877,0.184874,0.485714,0.254717,0.209524,0.903226,0.708738,
9.85002,0.221239,0.597701,0.784483,0.514706,0.196581,0.228571,0.247059,0.166667,0.889908,0.95935,0.20354,0.927273,0.273585,0.307692,0.210526,0.173554,0.12,0.597938,0.893443,0.3,0.561905,0.756098,0.234043,0.728155,0.192,0.850877,0.184874,0.514286,0.254717,0.209524,0.943548,0.708738,
9.90002,0.221239,0.597701,0.801724,0.529412,0.196581,0.228571,0.258824,0.166667,1,1,0.20354,0.981818,0.273585,0.307692,0.210526,0.173554,0.12,0.597938,1,0.3,0.571429,0.756098,0.234043,0.737864,0.192,0.859649,0.184874,1,0.245283,0.209524,1,0.699029,
9.95002,0.221239,0.597701,0.793103,0.529412,0.196581,0.228571,0.258824,0.166667,1,0.99187,0.20354,0.981818,0.273585,0.307692,0.210526,0.173554,0.12,0.597938,1,0.3,0.561905,0.756098,0.234043,0.737864,0.192,0.859649,0.184874,0.992857,0.235849,0.209524,0.983871,0.679612,
10,0,0,0,0,0,0,0,0,0,0,0,0,0,0,0,0,0,0,0,0,0,0,0,0,0,0,0,0,0,0,0,0,
